Date,UK EQUITY,EUR EQUITY,NA EQUITY,ASIA EQUITY,JPN EQUITY,EM EQUITY,WORLD EQUITY EX UK,ABSOLUTE RETURN,PROPERTY,GILTS,GBP CREDIT,LIBOR,LIBOR PLUS 3,GLOBAL AGG,GLOBAL IG,EM DEBT,GLOBAL HY,GBP NON-GILTS BBB 1-5YRS
30/04/2006,0.010552982,-0.003337229,-0.033739353,0.025092643,-0.020920633,0.020016007,-0.021165353,0.005101194,0.014352299,-0.012846915,-0.008281957,0.0038875,0.0063875,-0.028551773,-0.02980309,-0.046872224,0.012880294,0.001064929
31/05/2006,-0.048962517,-0.071924029,-0.059684763,-0.102475485,-0.098121902,-0.141877111,-0.067793295,0.005101194,0.014675459,0.005878463,0.004514864,0.003925525,0.006425525,-0.015656593,-0.016544148,-0.048692653,0.002835701,0.003263366
30/06/2006,0.019863007,0.013081573,0.01135224,0.009782662,-0.000209133,0.009260004,0.01099207,0.005101194,0.02041734,-0.004143757,-0.003842444,0.003961458,0.006461458,0.006933764,0.007175791,0.013806609,-0.00436401,0.002298858
31/07/2006,0.01309585,0.00107496,-0.005930336,-0.009033962,-0.022328626,-0.000429069,-0.008064821,0.017760879,0.012954389,0.011319323,0.009997119,0.003980733,0.006480733,-0.001212525,0.000451281,0.020723405,0.010968296,0.006330668
31/08/2006,0.007107211,0.017005959,0.003441183,0.009826904,-0.002700957,0.004578312,0.006365886,0.016563932,0.010673522,0.010081037,0.007474079,0.004152083,0.006652083,-0.006105553,-0.003046389,0.007674794,0.016454592,0.003213389
30/09/2006,0.015635757,0.027955299,0.039619601,0.032424628,-0.004036361,0.022604962,0.028867619,0.002637041,0.012900935,0.002625876,0.003885692,0.004228333,0.006728333,0.016490641,0.017648446,0.021717212,0.010569746,0.004099269
31/10/2006,0.02985981,0.019616641,0.011394117,0.025473782,-0.004038949,0.026305438,0.014605503,0.00941052,0.009947746,0.00453423,0.005641771,0.004327083,0.006827083,-0.009899902,-0.007927102,-0.000910286,0.015791803,0.003184326
30/11/2006,-0.002880685,0.010455237,-0.01268979,0.030446067,-0.031123984,0.039968231,-0.007964458,0.011798481,0.012287471,0.003434143,0.004549823,0.004375,0.006875,-0.005687317,-0.006068053,-0.018072781,0.020123527,0.00482831
31/12/2006,0.032765577,0.040183946,0.015566018,0.043517048,0.024503347,0.048682727,0.024196048,0.013414003,0.014756558,-0.012451364,-0.008378782,0.004433333,0.006933333,-0.008039998,-0.00692644,0.012135636,0.009673594,-0.000957
31/01/2007,-0.002535663,0.004080028,0.014761585,-0.010986249,0.00602558,-0.015071564,0.01005582,-0.001398062,0.006660369,-0.012956823,-0.008228813,0.004658333,0.007158333,-0.012614212,-0.009218125,-0.005819015,0.008520888,-0.002098411
28/02/2007,-0.001687755,-0.004590905,-0.020843355,0.007668401,0.039136501,-0.006248543,-0.0064574,0.018434178,0.007101814,0.016846652,0.015995563,0.004608333,0.007108333,0.021240479,0.022148228,0.017356437,0.014722009,0.010021211
31/03/2007,0.032882512,0.032608678,0.009840335,0.025827279,-0.019411253,0.033103457,0.010996595,0.002559196,0.008568197,-0.008723181,-0.007274273,0.004680733,0.007180733,-0.001339063,-0.005092058,0.006069289,0.003153002,0.001230182
30/04/2007,0.024199512,0.047880672,0.022010699,0.03056966,-0.039293667,0.026705588,0.024832806,0.015883492,0.007028062,-0.001797224,0.000586676,0.004771875,0.007271875,-0.005363814,-0.003138959,-0.007730962,0.016046714,0.003681491
31/05/2007,0.027812955,0.019121105,0.046189166,0.050528008,0.022919261,0.056210394,0.036816055,0.009314691,0.007069131,-0.010867384,-0.006887756,0.004842192,0.007342192,-0.005597503,-0.003465251,0.007180728,0.00518503,-0.001315263
30/06/2007,-0.007599797,-0.017809348,-0.030881171,0.025379354,-0.014904535,0.029355778,-0.025360229,-0.004396138,0.006711522,-0.011816604,-0.011167621,0.005003125,0.007503125,-0.018966406,-0.017164068,-0.033063385,-0.015422517,0.000957235
31/07/2007,-0.033822354,-0.031061776,-0.043121727,0.027886403,-0.020494979,0.034528168,-0.037081474,-0.00546208,0.001729909,0.022735678,0.004559612,0.005035942,0.007535942,0.006640432,-0.00325525,-0.023388901,-0.030126099,0.004571992
31/08/2007,-0.002708626,-0.005816934,0.020384323,-0.009877173,-0.021417907,-0.013827836,0.008492634,0.009180077,-4.25063E-05,0.017781912,0.00498516,0.005577083,0.008077083,0.02220123,0.015061504,0.021680782,0.008100532,0.006694558
30/09/2007,0.018749903,0.045381943,0.028844293,0.107569422,0.003118773,0.091215908,0.034650863,0.021651378,-0.011871515,0.004943609,0.003787552,0.005253125,0.007753125,0.010627862,0.007829585,0.01066663,0.029808449,0.005726312
31/10/2007,0.042548017,0.023685858,0.001216915,0.073472287,-0.019952031,0.085671149,0.007386916,0.016210133,-0.014840077,0.009158849,0.011000774,0.005232817,0.007732817,-0.00237435,-0.000396351,0.004857481,0.009101915,0.003602104
30/11/2007,-0.048636799,-0.010984365,-0.037988271,-0.077587599,-0.007694029,-0.063934033,-0.031422825,-0.003810995,-0.036254423,0.023180206,-0.001537295,0.005505208,0.008005208,0.031730006,0.015146647,0.006355684,-0.020736911,0.000635609
31/12/2007,0.002593343,0.026076692,0.02618277,0.023979568,-0.022343368,0.040210792,0.025273071,0.002696146,-0.038159059,0.013609156,0.012247349,0.004994792,0.007494792,0.033598445,0.033570839,0.043587554,0.001355289,0.011112436
31/01/2008,-0.090641858,-0.126054511,-0.061671194,-0.138617754,-0.031707964,-0.13768184,-0.081620661,-0.027215216,-0.015819934,0.006704591,-0.005006673,0.00465,0.00715,0.026582948,0.01181727,0.00532328,-0.016385975,0.000606533
29/02/2008,0.007663127,0.025453174,-0.029151163,0.047895518,0.006436908,0.071759149,-0.006533607,0.008266136,-0.010294176,0.005340077,-0.020226061,0.004782292,0.007282292,0.019968904,0.009868395,9.65251E-05,-0.008838652,-0.001305586
31/03/2008,-0.020750975,0.013368422,-0.01015856,-0.064124765,-0.045821033,-0.056187668,-0.011048909,-0.02480532,-0.00828965,0.013454934,-0.005502734,0.005006775,0.007506775,0.021136591,0.000661548,-0.001110602,3.47236E-05,-0.00061275
30/04/2008,0.060686091,0.030418534,0.05211999,0.078799982,0.070916897,0.07743287,0.048957909,0.035139818,-0.004793332,-0.020891976,0.009339206,0.004865625,0.007365625,-0.018645288,0.001548113,0.011767384,0.039933617,-0.012702517
31/05/2008,-0.00199014,0.008992559,0.019831766,-0.018799171,0.027597181,0.018190036,0.016253045,-0.006812678,-0.007099512,-0.018921462,-0.009419836,0.004889067,0.007389067,-0.009296805,-0.005147185,0.004002865,0.005102731,-0.00618286
30/06/2008,-0.073265506,-0.109540553,-0.092583805,-0.117727058,-0.077443189,-0.113671194,-0.092968703,-0.018132148,-0.015068849,-0.008248301,-0.013628779,0.004955208,0.007455208,-0.004550432,-0.010421546,-0.026016788,-0.027835201,-0.003488492
31/07/2008,-0.036676152,-0.023007969,-0.009214725,-0.026415435,-0.024645972,-0.037894975,-0.018915363,0.008910068,-0.013211194,0.027289845,0.01551181,0.004819275,0.007319275,0.007007789,0.001385767,0.015691154,-0.017681598,0.009050385
31/08/2008,0.048746961,0.034176524,0.092699171,0.018843752,0.040930385,0.000816096,0.073109166,0.013120721,-0.01139438,0.024912472,0.015423469,0.004794275,0.007294275,0.071222444,0.066555091,0.094606633,-0.004317029,0.010335698
30/09/2008,-0.142003429,-0.146406656,-0.075800886,-0.166647847,-0.098325282,-0.17420853,-0.104981489,-0.065109371,-0.024249738,0.009093939,-0.078845595,0.00525,0.00775,-0.001121875,-0.05778205,-0.050198744,-0.093051279,-0.041784058
31/10/2008,-0.126667265,-0.169281478,-0.097940861,-0.184535259,-0.051430358,-0.224246837,-0.113144498,0.010328536,-0.038415214,0.001479836,-0.040847452,0.004867708,0.007367708,0.063527487,0.011278028,-0.063864605,-0.190389036,-0.018342206
30/11/2008,-0.016827217,-0.026531302,-0.026588088,-0.020102115,0.03864872,-0.030550706,-0.020260507,-0.003912287,-0.052551039,0.050500764,0.021233674,0.003258333,0.005758333,0.083875942,0.071292289,0.07328871,-0.08475042,0.003011373
31/12/2008,0.036068395,0.134455584,0.072298866,0.13764228,0.150298909,0.12704618,0.090224117,0.024858656,-0.054112487,0.049231213,0.019742397,0.002308333,0.004808333,0.117304386,0.116222642,0.128561637,0.071577763,0.020925356
31/01/2009,-0.060059478,-0.138851244,-0.087566338,-0.072425581,-0.078021979,-0.060656564,-0.087699093,0.003415372,-0.024249789,-0.03371089,-0.047928577,0.001804692,0.004304692,-0.027071201,-0.017616782,0.016283124,0.047556367,0.008118136
28/02/2009,-0.067424099,-0.106499085,-0.099649478,-0.055579129,-0.125685671,-0.050795335,-0.104653142,-0.007448449,-0.02501708,0.023382846,-0.019987379,0.001707817,0.004207817,-0.011259441,-0.015987169,-0.004026215,-0.035565648,-0.018751255
31/03/2009,0.032265436,0.088998753,0.076464452,0.139338464,0.011414534,0.135714255,0.077196421,0.009452056,-0.02467117,0.031663913,-0.03830829,0.001373958,0.003873958,0.028157106,0.013742514,0.040082885,0.035035878,-0.005671698
30/04/2009,0.094801324,0.101386961,0.060772613,0.107493174,0.051596591,0.118111212,0.069633643,0.04366822,-0.016474094,-0.014574581,0.026446316,0.0012099,0.0037099,-0.027035413,0.000317038,0.019789961,0.106493582,0.028092354
31/05/2009,0.041057028,0.014514422,-0.023257761,0.041144995,0.013942281,0.064768832,-0.011099287,-0.00307043,-0.008942894,-0.007000464,0.054219636,0.001065108,0.003565108,-0.057998857,-0.025373512,-0.052150496,0.087323882,0.035159561
30/06/2009,-0.032591747,-0.048415821,-0.025253667,-0.012400148,0.008241283,-0.034423271,-0.023981751,0.00956396,-0.001921578,0.002644523,0.030529573,0.000988542,0.003488542,-0.014917074,0.002075179,-0.005904599,0.03288284,0.024120618
31/07/2009,0.081603245,0.090860578,0.068399414,0.09933591,0.025516833,0.089167218,0.065637408,0.032955613,0.005629424,-0.00742742,0.041598914,0.000739583,0.003239583,0.00609577,0.028648187,0.016368131,0.065334709,0.03332152
31/08/2009,0.074186298,0.091017196,0.046234097,0.018002965,0.060340172,0.019563287,0.062302814,0.048184766,0.008932068,0.021673243,0.040207605,0.000575,0.003075,0.041389042,0.047339088,0.043845345,0.024205031,0.033874279
30/09/2009,0.046140462,0.07236165,0.056359792,0.105990459,-0.008561088,0.101654052,0.055212782,0.024619829,0.018009451,-0.000503531,0.02478764,0.000451567,0.002951567,0.037218525,0.040513483,0.064524581,0.064029407,0.024366535
31/10/2009,-0.018373835,-0.047960843,-0.053789463,-0.030053039,-0.046442961,-0.025833303,-0.048114813,0.000513655,0.024906585,-0.000904516,0.011783537,0.000492708,0.002992708,-0.021886546,-0.013725851,-0.02459068,0.0211697,0.013949485
30/11/2009,0.029166179,0.029042855,0.060591065,0.027955697,-0.018640586,0.044254595,0.04229054,0.019157999,0.029645837,0.009094543,0.009954646,0.0005099,0.0030099,0.027630562,0.023291802,0.013023374,0.011488927,0.009945088
31/12/2009,0.042500648,0.025330436,0.035341231,0.049885033,0.030077081,0.052722406,0.031151424,-0.006063687,0.035728637,-0.027367241,-0.009642058,0.000504167,0.003004167,-0.02378211,-0.010256391,0.018513226,0.022352674,0.004194798
31/01/2010,-0.036376412,-0.054087087,-0.030988302,-0.057315967,0.016807881,-0.049674269,-0.033514095,0.010754599,0.015807917,0.00872347,0.030095555,0.000513542,0.003013542,0.011436757,0.015269831,0.012143043,0.013884616,0.018611503
28/02/2010,0.033174151,0.022151407,0.081270461,0.059995031,0.06003507,0.052180677,0.065475069,0.015095252,0.018565277,0.004200436,0.001193997,0.000535417,0.003035417,0.051119147,0.04485469,0.063743252,-0.002451145,0.010382693
31/03/2010,0.06539588,0.069486482,0.062275767,0.073387377,0.043107364,0.079449531,0.06094604,0.017462704,0.021489983,0.007528152,0.021148351,0.000539325,0.003039325,-0.005573987,0.005372117,0.025996873,0.033056088,0.016201506
30/04/2010,-0.013985947,-0.041314132,0.00490834,0.00569446,-0.004000328,0.003582517,-0.006347398,0.009179548,0.014250666,0.008576238,0.011757536,0.000564325,0.003064325,-0.005891251,0.000170927,0.001624036,0.018599057,0.005053108
31/05/2010,-0.064274405,-0.098766967,-0.03380224,-0.067343595,-0.032372526,-0.045821023,-0.052235991,0.007187955,0.011152177,0.026256148,-0.007784187,0.000592192,0.003092192,0.036636759,0.016497968,0.037244375,-0.050805624,-0.002214536
30/06/2010,-0.047352673,-0.034612868,-0.08515516,-0.024744478,-0.046336414,-0.038484657,-0.066820318,0.003653988,0.010335733,0.017787455,0.008055051,0.000608592,0.003108592,-0.014588591,-0.012862768,-0.012190293,0.01137958,0.004034856
31/07/2010,0.066675293,0.061374467,0.019913299,0.020697311,-0.013981272,0.029179961,0.02549362,0.01103938,0.00781916,0.004266413,0.016809042,0.000620967,0.003120967,-0.015193103,-0.007920022,-0.007422941,0.045334809,0.009223232
31/08/2010,-0.002248238,-0.024913315,-0.027467878,0.002150943,-0.003716055,0.001163044,-0.018726905,0.036193987,0.006765171,0.036860807,0.031609802,0.000604558,0.003104558,0.03682857,0.035261897,0.045960998,-0.000915447,0.016950111
30/09/2010,0.063355752,0.087562539,0.058834897,0.084412629,0.013117141,0.078177305,0.06251754,-0.001362295,0.007259533,-0.004560376,0.001690546,0.000610208,0.003110208,-0.002376047,0.00335553,-0.008439861,0.041192964,0.008887765
31/10/2010,0.025019807,0.025729566,0.021705522,0.007952017,-0.004652134,0.009502152,0.017484725,-0.006839452,0.006489665,-0.006336929,0.008062508,0.0006175,0.0031175,-0.00664755,-0.008010261,-0.001152397,0.026253318,0.008470607
30/11/2010,-0.022820849,-0.064067818,0.024486642,0.005241325,0.049373083,0.000121451,0.007073226,-0.002596016,0.006724989,-0.007546803,-0.021954425,0.000615625,0.003115625,-0.011975234,-0.007724976,-0.004830856,-0.027631075,-0.02528685
31/12/2010,0.068972895,0.086694321,0.058409927,0.064429436,0.077793482,0.067272778,0.069436597,0.00045861,0.008568322,-0.008984586,-0.006210827,0.00063125,0.00313125,0.010236427,0.007490461,-0.003899453,0.022163057,0.002594924
31/01/2011,-0.00529623,0.020084706,-0.002612637,-0.041761426,-0.031009509,-0.056409621,-0.006001989,-0.003828195,0.00660539,-0.015605357,-0.000383534,0.0006474,0.0031474,-0.02603351,-0.021214076,-0.033388489,0.025157928,0.001939621
28/02/2011,0.023696394,0.014890501,0.018911659,-0.033058588,0.032286878,-0.023601687,0.018722796,0.001073373,0.007112539,0.005846005,0.010982197,0.00066875,0.00316875,-0.00864838,-0.001792481,-0.010540119,0.015632178,0.009509266
31/03/2011,-0.008143838,0.012547868,0.013292657,0.059825475,-0.090407,0.066910211,0.000887046,0.003060446,0.008952818,0.002929661,0.007580861,0.000681775,0.003181775,0.016727129,0.016592157,0.024139103,0.00673518,0.00819661
30/04/2011,0.030635901,0.032529076,-0.012801216,0.002194211,-0.040027793,-0.010541397,-0.001872629,0.002898774,0.006706799,0.01795343,0.019822952,0.0006849,0.0031849,-0.010524322,-0.005486519,-0.024637856,0.02319058,0.013749605
31/05/2011,-0.007190441,-0.037652715,-0.001693758,-0.011137761,-0.000780874,-0.0147101,-0.008972104,0.006226765,0.00691227,0.0153735,0.010217772,0.000688542,0.003188542,0.016589135,0.01401322,0.030249969,-0.00050981,0.006742105
30/06/2011,-0.004513042,0.008202655,0.0052359,-0.00113428,0.044947726,0.003787257,0.006775766,-0.024367155,0.007014795,0.000135265,-0.005496205,0.000688025,0.003188025,0.023847693,0.017226344,0.033729107,-0.010287106,-0.000516372
31/07/2011,-0.022271891,-0.072536611,-0.044266332,-0.022193735,0.011051444,-0.029958546,-0.043620937,0.013865574,0.006038476,0.037103365,0.023146008,0.000694008,0.003194008,-0.003994247,-0.001165087,-0.00325175,0.008649214,0.003588264
31/08/2011,-0.071353237,-0.114345413,-0.048642339,-0.08386144,-0.069613798,-0.086761304,-0.064947051,-0.015107425,0.006110721,0.017331195,-0.02237018,0.000738542,0.003238542,0.027264949,0.003005665,0.014969555,-0.045144375,-0.02058496
30/09/2011,-0.051365651,-0.099929905,-0.037526829,-0.109521237,0.018904657,-0.120670193,-0.053197694,0.011275121,0.006413458,0.02785584,-0.016826975,0.00079375,0.00329375,0.018487065,0.008185958,-0.003619887,-0.049392021,-0.027968864
31/10/2011,0.075953872,0.085435177,0.066299443,0.093774344,-0.036930479,0.092056532,0.065714823,0.031297437,0.00591505,0.000726402,0.024020038,0.000822242,0.003322242,-0.019396625,0.002207669,0.013829487,0.065556662,0.01954468
30/11/2011,-0.003739962,-0.030973056,0.01833332,-0.05856447,-0.016633632,-0.043172072,-0.000247838,-0.020907733,0.00527303,0.010655303,-0.026653857,0.000865208,0.003365208,0.009990386,-0.007273916,0.020336036,-0.033142453,-0.025325586
31/12/2011,0.00836825,-0.018692908,0.016491959,0.012528224,0.02071598,6.97802E-05,0.011083154,0.021800457,0.004736977,0.02498804,0.024829664,0.00090005,0.00340005,0.020533439,0.023294488,0.024728855,0.019551038,0.015160833
31/01/2012,0.026786839,0.043391476,0.031104305,0.08156715,0.02971438,0.091161283,0.034311607,0.029454837,0.003868272,0.003916311,0.026228476,0.0009025,0.0034025,-0.000480188,0.011956947,0.002103912,0.037987434,0.034285194
29/02/2012,0.041996082,0.055172459,0.027422455,0.035683748,0.029607715,0.045371337,0.03372709,0.016754169,0.002577777,-0.004540473,0.018791309,0.000883025,0.003383025,-0.012781022,0.00347925,0.017210545,0.032269765,0.021684823
31/03/2012,-0.009539151,-0.011997361,0.024836923,-0.03571752,-0.001423404,-0.039211024,0.009602518,0.005381687,0.002356111,-0.00197184,0.006384901,0.000855733,0.003355733,-0.010766381,-0.008064959,-0.002444431,0.001197063,0.007084498
30/04/2012,-0.00328659,-0.065865799,-0.022198817,-0.011086483,-0.05029095,-0.030008413,-0.031430472,-0.003820849,0.002264722,0.005218564,-0.004981656,0.00084375,0.00334375,-0.003350097,-0.00601798,0.002337109,0.00675133,-0.007892926
31/05/2012,-0.070389729,-0.100958528,-0.015024305,-0.063930907,-0.032337144,-0.072370304,-0.039036246,-0.013992233,0.000366677,0.038384271,0.009740811,0.000827608,0.003327608,0.044014231,0.035100492,0.023599759,-0.0270751,-0.007614047
30/06/2012,0.047066336,0.064923968,0.017970745,0.017693718,0.033143498,0.016578739,0.029237698,-0.001294871,0.000691903,-0.010566778,0.004945065,0.000745833,0.003245833,-0.013659164,-0.006711193,0.017946436,0.024473512,0.009213936
31/07/2012,0.01321786,0.010550678,0.01377461,0.0356831,-0.022991975,0.016852199,0.01289814,0.022773543,0.001715444,0.01985289,0.035829605,0.000619792,0.003119792,0.011510178,0.020753062,0.04006186,0.01618767,0.024396858
31/08/2012,0.021877159,0.035025914,0.007537076,-0.020408371,-0.021031898,-0.017800227,0.009929269,0.003371737,0.002245458,0.000342632,0.01135671,0.000567708,0.003067708,-0.00435615,-5.77954E-05,-0.000816397,0.019499631,0.01605233
30/09/2012,0.010801272,0.014006387,0.007786925,0.036286282,-0.005063233,0.038710789,0.007249351,0.002101577,0.001938599,-0.003043378,0.017200455,0.0004974,0.0029974,-0.007136191,-0.003656879,-0.003446099,0.020511025,0.019035559
31/10/2012,0.010291766,0.018096019,-0.015686798,0.005558985,-0.016654789,-0.006160415,-0.007744151,0.00209717,0.002506514,-0.009728913,0.009437464,0.000439583,0.002939583,-2.9729E-06,0.01254675,0.009319179,0.012978153,0.014636333
30/11/2012,0.017389279,0.035929366,0.007745572,0.026859628,0.024820903,0.018018539,0.01712612,0.003067915,0.000129495,0.00598667,0.014348276,0.000435417,0.002935417,0.006486612,0.008503703,0.021733902,0.011084562,0.012003599
31/12/2012,0.009832752,0.020674153,-0.006398701,0.016627301,0.045347586,0.033721034,0.004075483,0.006937727,0.002592229,-0.00289757,0.007260825,0.000429167,0.002929167,-0.015943413,-0.007783547,-0.003762849,0.020637325,0.011983229
31/01/2013,0.061770868,0.085932277,0.072764804,0.048594347,0.04810017,0.035920637,0.07298353,0.012367892,0.003849568,-0.016827584,-0.003211923,0.000426042,0.002926042,0.01446252,0.018084314,0.008614313,0.015955044,0.006099883
28/02/2013,0.022527495,0.012526528,0.052142513,0.051070933,0.070085996,0.030887826,0.04727748,0.011811963,0.003183217,0.009917662,0.011513567,0.000423442,0.002923442,0.036625174,0.039317461,0.043002757,-0.001930996,0.007431576
31/03/2013,0.013951305,-0.012628058,0.032808983,-0.01874418,0.038207844,-0.019599863,0.021348492,0.013140441,0.003654136,0.017303384,0.016354856,0.0004224,0.0029224,-0.003476535,-0.002142009,-0.007880044,0.005170505,0.008295939
30/04/2013,0.005775962,0.013902055,-0.008793022,0.001532535,0.061732878,-0.018064072,0.006286151,0.011785874,0.005101799,0.007638313,0.021607362,0.000420317,0.002920317,-0.008235205,0.000992969,0.005099168,0.022868983,0.017455166
31/05/2013,0.028704079,0.017954762,0.043809632,-0.024520896,-0.035351888,-0.006018478,0.021974152,0.00381053,0.005666905,-0.022249186,-0.012315999,0.000421358,0.002921358,-0.006748303,-0.000630239,-0.015025673,-0.008627312,-0.000529773
30/06/2013,-0.051185573,-0.051094329,-0.018485133,-0.066098543,0.012951313,-0.071088336,-0.025055595,-0.023084071,0.007571984,-0.027356179,-0.037863991,0.000425317,0.002925317,-0.012216445,-0.025165468,-0.052323019,-0.027638385,-0.018724746
31/07/2013,0.065624652,0.070998322,0.050706012,0.018751171,0.008857573,0.008175766,0.04987473,0.00708796,0.00780242,0.009006683,0.023022179,0.0004238,0.0029238,0.011484163,0.016096304,0.009969586,0.021705962,0.01670263
31/08/2013,-0.022376888,-0.037417084,-0.049271884,-0.031073345,-0.041380666,-0.038763791,-0.044374906,-0.010448856,0.009115912,-0.016728499,-0.009809765,0.000429167,0.002929167,-0.025073058,-0.025997907,-0.046726632,-0.005889874,-0.001044699
30/09/2013,0.011097333,0.032536604,-0.014787215,0.009602607,0.03199217,0.015839932,0.001830379,0.005773766,0.011441842,0.006560884,0.008604303,0.00043125,0.00293125,-0.025323464,-0.026031814,-0.018273469,0.017529928,0.006531916
31/10/2013,0.041964494,0.053659794,0.049526562,0.053518555,0.007305657,0.054650353,0.046327126,0.013299837,0.011195536,0.006426053,0.016650761,0.000428125,0.002928125,0.018660202,0.021957333,0.034536873,0.024296236,0.013000183
30/11/2013,-0.007024501,-0.010153212,0.004143913,-0.032027023,-0.008015325,-0.0349164,-0.002410189,0.012603554,0.014500118,-0.007813662,-0.004283127,0.000435158,0.002935158,-0.027695168,-0.020427258,-0.036750214,0.004565981,0.001848937
31/12/2013,0.018195862,0.003688281,0.013113309,-0.025793674,-0.000419647,-0.027819391,0.006859694,0.00779731,0.02041331,-0.01764614,-0.012229793,0.000437758,0.002937758,-0.018909441,-0.012346749,-0.012063822,0.008566377,-0.001492165
31/01/2014,-0.031047256,-0.034809576,-0.028434764,-0.046506689,-0.03391699,-0.061780111,-0.031312045,0.003360045,0.011353489,0.022914773,0.021718941,0.000434375,0.002934375,0.018582384,0.015289501,-0.003780123,0.001000362,0.009307897
28/02/2014,0.051087852,0.050918498,0.023309515,0.025326876,-0.022028808,0.015205391,0.029118823,0.006301866,0.011072154,0.001416533,0.003940544,0.0004349,0.0029349,-0.002700767,-3.76317E-05,0.015713596,0.02404185,0.004425061
31/03/2014,-0.026394259,0.00117609,0.011863708,0.018457307,-0.014200438,0.031606055,0.005408482,-0.007592855,0.015560449,0.000835801,0.001178135,0.000435158,0.002935158,0.002311861,0.003524459,0.015342129,0.003195405,0.001327154
30/04/2014,0.02138597,-0.00368994,-0.006285066,-0.002529901,-0.036585612,-0.010811182,-0.006321886,-0.000516863,0.013097001,0.006279028,0.010697216,0.000439217,0.002939217,-0.000142019,0.001889621,0.00402281,0.009627336,0.007204758
31/05/2014,0.013576213,0.011858249,0.026994606,0.033538195,0.042687293,0.038227427,0.023508677,0.012714485,0.015547998,0.009217315,0.011552277,0.000442192,0.002942192,0.012707719,0.013982692,0.037639931,0.008565238,0.005695378
30/06/2014,-0.012850328,-0.024304678,0.002643809,-0.00674664,0.03480887,0.002555787,-0.002126628,-0.000127624,0.020691491,-0.007033013,-0.002585267,0.000460417,0.002960417,-0.013272908,-0.01450847,-0.013737229,0.010424853,-0.000295906
31/07/2014,-0.002994699,-0.040342089,-0.002082416,0.044068919,0.018536041,0.026934557,-0.004334966,0.016958139,0.015721438,0.005435105,0.002145553,0.000466358,0.002966358,0.004700176,0.006299057,0.013934225,-0.014250921,0.001519414
31/08/2014,0.021293955,0.021485241,0.052667375,0.021709136,-0.002339476,0.038520565,0.040028082,0.002005767,0.014011847,0.026794747,0.021957715,0.000466358,0.002966358,0.024700187,0.026303057,0.024588114,0.007253089,0.006371971
30/09/2014,-0.028085303,-0.010838707,0.003341183,-0.056018833,0.006662852,-0.056660012,-0.004543103,0.008852374,0.016390385,-0.002858934,-0.003264367,0.000471042,0.002971042,-0.004024864,-0.001158125,-0.002140427,-0.026759725,-0.001638207
31/10/2014,-0.006887964,-0.013473854,0.032224762,0.040562851,-0.002868518,0.024596144,0.022457433,-0.002734619,0.014520836,0.015365118,0.010430998,0.00046115,0.00296115,0.016207665,0.017952425,0.030304631,0.006062803,0.006113527
30/11/2014,0.028764386,0.053556368,0.043803671,0.008155728,0.022452772,0.012236074,0.042953264,0.016908764,0.013079201,0.023782506,0.019425565,0.000460625,0.002960625,0.02201479,0.026372925,0.009345645,-0.00705698,0.007371287
31/12/2014,-0.016134241,-0.055528157,-0.001722835,-0.020709222,-0.004136351,-0.046690051,-0.013679796,-0.002328004,0.015476384,0.012556512,0.008307227,0.00047,0.00297,-0.003278315,-0.003604488,-0.016142175,-0.023037243,0.003685305
31/01/2015,0.025899112,0.038660251,0.003723222,0.05131929,0.057773265,0.042196396,0.017019132,0.020519144,0.008270995,0.029234205,0.031555561,0.000469483,0.002969483,0.038233574,0.040711097,0.040103083,-0.009637222,0.012082125
28/02/2015,0.036551562,0.033916486,0.025749822,0.001516789,0.026916696,0.001799917,0.027543634,0.019399597,0.008500449,-0.029180072,-0.016030289,0.000469742,0.002969742,-0.037262607,-0.033139475,-0.015206303,0.023967015,-0.000653542
31/03/2015,-0.016842068,0.024117298,0.022701377,0.034427236,0.050240139,0.023441758,0.025247647,0.003647277,0.012900583,0.016635637,0.011416865,0.000474692,0.002974692,0.031369345,0.029085962,0.044020836,-0.010932027,0.00493532
30/04/2015,0.029863277,-0.001555854,-0.023419166,0.023070227,0.001647402,0.039888377,-0.014706841,-0.007071332,0.009897107,-0.017044715,-0.012965929,0.000473958,0.002973958,-0.024056412,-0.025071362,-0.013035114,0.024825287,-0.001491791
31/05/2015,0.013429918,-0.015861918,0.014663218,-0.025787893,0.017039005,-0.038345596,0.005105137,0.008714139,0.01229521,0.004242059,0.004682621,0.000472658,0.002972658,-0.012884075,-0.007174052,-0.001246106,0.000377635,0.002403435
30/06/2015,-0.059168887,-0.059106836,-0.051899988,-0.075077673,-0.039312761,-0.06164959,-0.052963078,-0.015835831,0.013560262,-0.013600153,-0.020222831,0.000482083,0.002982083,-0.034820662,-0.041129533,-0.046369468,-0.011104375,-0.006500934
31/07/2015,0.02368261,0.038305887,0.023291944,-0.047693997,0.008966556,-0.068973678,0.023581079,0.00960235,0.011163254,0.010882263,0.011428308,0.000484633,0.002984633,0.010629178,0.010348821,0.010463526,-0.00441439,0.003632496
31/08/2015,-0.054706481,-0.054405016,-0.050014866,-0.092870217,-0.036380744,-0.078488006,-0.051227041,-0.015695923,0.009718827,0.004714099,-0.003900763,0.000489067,0.002989067,0.019417395,0.01305193,0.007220912,-0.015486558,-0.001927813
30/09/2015,-0.027710128,-0.034487674,-0.014724778,-0.012636053,-0.058293217,-0.019086682,-0.024685825,-0.012542374,0.012725307,0.01418434,0.00331416,0.000485942,0.002985942,0.019891161,0.014504086,0.000137473,-0.027653456,-0.004354511
31/10/2015,0.04585558,0.046848097,0.056173535,0.051724871,0.070010385,0.047529088,0.05548689,0.023981965,0.009841517,-0.00801149,-0.000679169,0.000483333,0.002983333,-0.019043048,-0.014607008,0.010551722,0.029492815,0.00407224
30/11/2015,0.005657306,0.009141989,0.025276716,-0.000630513,0.020925853,-0.013393875,0.021945445,0.002603244,0.009180936,0.006560158,0.012470833,0.000475625,0.002975625,0.011439129,0.015886747,0.026399153,-0.020565744,0.006142688
31/12/2015,-0.012772428,-0.001816731,-0.000511605,0.021051207,0.013768203,-0.004845984,0.003165413,-0.009379707,0.011409501,-0.007871419,-0.005602102,0.000491983,0.002991983,0.025457435,0.01715544,0.005065421,-0.021483321,-0.001087029
31/01/2016,-0.03129469,-0.034505829,-0.0157137,-0.046475746,-0.038683842,-0.032114641,-0.027089526,-0.021096557,0.006569815,0.03049744,0.009523129,0.00049115,0.00299115,0.046823502,0.035625798,0.033313372,-0.016701095,0.001025038
29/02/2016,0.007980611,0.001164151,0.015372485,0.010646447,-0.007766121,0.019285001,0.012829398,-0.007459527,0.006040598,0.018550978,-0.00101363,0.000492708,0.002992708,0.041770529,0.02991139,0.042045986,0.003717053,-0.000440572
31/03/2016,0.019189213,0.035001801,0.035470179,0.073182653,0.007147286,0.088501224,0.03088987,-0.004675205,-0.001857109,-0.005397081,0.017676633,0.000490108,0.002990108,-0.009739864,0.002568909,-0.001161949,0.0514703,0.013391161
30/04/2016,0.011310361,-0.001861985,-0.012562105,-0.017646015,0.01872492,-0.011946331,-0.003603081,0.004675205,0.005412364,-0.011239453,0.002424049,0.000492133,0.002992133,-0.006074824,-0.001884109,0.002973526,0.03541802,0.005883163
31/05/2016,0.012280611,-0.010946709,0.015686337,-0.024031342,-0.009301367,-0.040102064,0.003166234,0.01244222,0.005520968,0.010521436,0.008758835,0.000490733,0.002990733,-0.012197628,-0.008486145,-0.003361142,0.002054905,0.002194099
30/06/2016,0.022364246,0.042385321,0.089517401,0.116442012,0.080179265,0.130272918,0.086779218,-0.030150564,0,0.040848331,0.018050805,0.000465317,0.002965317,0.126675612,0.11307721,0.134438996,0.00603455,0.004647331